sheet,source_row,new_code,old_code,name,supplier_source,source_unit,supplier_source_cell,code_source_cell,general_row,product_id,inventory_item_id,db_stock_unit,db_base_unit,db_base_factor,db_supplier_names,db_supplier_ids,action,notes
WOORI,5,WR001,3615,[AA]Tôm tẩm bột (300g) (튀김옷 새우),Woori Fresh Food - 우리푸드,팩(Gói),GENERAL!J35,'WOORI'!C5,35,825886cc-90d8-46b9-9be8-4acd625a3017,6bb55cb2-1a46-4a74-b3f3-5ec625527fb4,팩(Gói),ea,20.0,우리푸드,15980b99-3070-4236-8c5f-d46ceef64b52,기존 코드 변경,
WOORI,6,WR002,8089,[Dairymond] Phô Mai Lát (1Kg) (슬라이스 치즈),Woori Fresh Food - 우리푸드,개(Cái),GENERAL!J57,'WOORI'!C6,57,9d641448-a994-450a-816c-7cae5c845969,2230b86a-c7fe-48e6-a9eb-a814b20bf48e,개(Cái),ea,84.0,우리푸드,15980b99-3070-4236-8c5f-d46ceef64b52,기존 코드 변경,
WOORI,7,WR003,7390,[Ottogi] Mù tạt mật ong (오뚜기 허니머스타드),Woori Fresh Food - 우리푸드,개(Cái),GENERAL!J50,'WOORI'!C7,50,6c67135b-5b08-406c-8ad2-e79080dc4232,da214ad8-6287-4dd2-9ee3-a407bd559e16,개(Cái),g,1000.0,우리푸드,15980b99-3070-4236-8c5f-d46ceef64b52,기존 코드 변경,
WOORI,8,WR004,7315,[오뚜기]북경짜장VN(135g),Woori Fresh Food - 우리푸드,BOX,GENERAL!J44,'WOORI'!C8,44,30a92d78-6268-479f-b43b-d588e54e6f57,4036ace7-5194-499c-975e-15cca9976f1c,BOX,ea,32.0,오뚜기 / 우리푸드,e21a8fbf-71ff-4e84-9887-7b09d5ee9c5c / 15980b99-3070-4236-8c5f-d46ceef64b52,기존 코드 변경,복수 공급처; 원본 WR 코드 유지
WOORI,9,WR005,9016,Bánh gạo cắt lát (떡국떡),Woori Fresh Food - 우리푸드,Bịch (봉),GENERAL!J75,'WOORI'!C9,75,e5e9c7df-3903-4327-948e-e44cb7f4304a,af1a27de-9b47-4bb3-8f33-8e4ec4e69790,봉(Bịch),g,500.0,우리푸드,15980b99-3070-4236-8c5f-d46ceef64b52,기존 코드 변경,
WOORI,10,WR006,1063,Bắp cải trắng (양배추),Woori Fresh Food - 우리푸드,Kg,GENERAL!J21,'WOORI'!C10,21,21d986c0-cab1-4b6f-96e3-da424e0cae7d,48c3aa04-30c2-4794-baae-642c5bcb1797,kg,g,1000.0,우리푸드,15980b99-3070-4236-8c5f-d46ceef64b52,기존 코드 변경,
WOORI,11,WR007,9120,Bột chiên giòn (튀김가루),Woori Fresh Food - 우리푸드,Bịch (봉),GENERAL!J79,'WOORI'!C11,79,71122a61-24a7-40e2-a222-f8629046cf26,7cc51111-786c-4ada-8aaf-7efe40a9a201,봉(Bịch),g,1000.0,우리푸드,15980b99-3070-4236-8c5f-d46ceef64b52,기존 코드 변경,
WOORI,12,WR008,9011,Bột nêm vị bò (소고기 다시다),Woori Fresh Food - 우리푸드,Bịch (봉),GENERAL!J74,'WOORI'!C12,74,c9ee4ac0-bc34-4d86-a995-40eff9d6ff49,31aec60c-20a5-4f93-9f70-036b2693b2a2,봉(Bịch),g,1000.0,우리푸드,15980b99-3070-4236-8c5f-d46ceef64b52,기존 코드 변경,
WOORI,13,WR009,9397,Bột ngọt Ajinomoto (아지노모토 미원),Woori Fresh Food - 우리푸드,Bịch (봉),GENERAL!J83,'WOORI'!C13,83,abe33a14-387b-4521-81b9-91f4dab7cf62,389bf256-e44c-4017-9d76-6a39331856e8,봉(Bịch),g,1000.0,우리푸드,15980b99-3070-4236-8c5f-d46ceef64b52,기존 코드 변경,
WOORI,14,WR010,8332,Bột rong biển[농우]김가루(1Kg),Woori Fresh Food - 우리푸드,Bịch (봉),GENERAL!J66,'WOORI'!C14,66,723191b9-5b79-4e5c-8938-24b4081b36f7,c3470331-d501-43c6-8423-2ed261fd0eba,봉(Bịch),g,1000.0,우리푸드,15980b99-3070-4236-8c5f-d46ceef64b52,기존 코드 변경,
WOORI,15,WR011,7382,Bột tiêu (후춧가루),Woori Fresh Food - 우리푸드,Bịch (봉),GENERAL!J48,'WOORI'!C15,48,90ee110d-eb17-4fec-ba9a-f137466c7253,9d84893e-46af-418c-95d5-d96b5ae4bf2b,봉(Bịch),g,240.0,우리푸드,15980b99-3070-4236-8c5f-d46ceef64b52,기존 코드 변경,
WOORI,16,WR012,8644,Cá ngừ ngâm dầu (참치캔),Woori Fresh Food - 우리푸드,개(Cái),GENERAL!J70,'WOORI'!C16,70,c57fea4f-4a31-4c94-82f4-9cb5b0313218,7feca1b5-f699-4789-a539-2221eef39c7b,개(Cái),g,1260.0,우리푸드,15980b99-3070-4236-8c5f-d46ceef64b52,기존 코드 변경,
WOORI,17,WR013,1020,Cà rốt (당근),Woori Fresh Food - 우리푸드,Kg,GENERAL!J15,'WOORI'!C17,15,1cd683cc-4f9f-4d3a-9e67-9a5e544fa2cf,9be130d6-af14-481c-8da9-67b1db7a242e,KG,g,1000.0,우리푸드,15980b99-3070-4236-8c5f-d46ceef64b52,기존 코드 변경,
WOORI,18,WR014,2159,Cá viên (어묵볼),Woori Fresh Food - 우리푸드,Kg,GENERAL!J31,'WOORI'!C18,31,4cc07b20-8c39-46ab-bc43-cec9b1b15c94,dc98b3e7-891f-4e7d-b1dd-3928794c8c34,KG,g,500.0,우리푸드,15980b99-3070-4236-8c5f-d46ceef64b52,기존 코드 변경,포장 환산 확인 필요
WOORI,19,WR015,8661,Chả Cá HQ (한국 어묵),Woori Fresh Food - 우리푸드,Bịch (봉),GENERAL!J71,'WOORI'!C19,71,f7c9e5c3-5c02-480e-8105-3a9d83a101b4,0f806d9e-cf71-4877-9879-a3bf43f6f00b,봉(Bịch),g,1000.0,우리푸드,15980b99-3070-4236-8c5f-d46ceef64b52,기존 코드 변경,
WOORI,20,WR016,8478,Củ cải vàng Kimbab (김밥용 단무지),Woori Fresh Food - 우리푸드,Thùng (통),GENERAL!J67,'WOORI'!C20,67,f7ca0c65-eaa9-468a-a7ce-537d9d46d47c,ef938651-7cda-4b4c-a24e-c1bab2ad609d,통(Thùng),g,1400.0,우리푸드,15980b99-3070-4236-8c5f-d46ceef64b52,기존 코드 변경,
WOORI,21,WR017,8247,Dầu ăn (식용유),Woori Fresh Food - 우리푸드,Thùng (통),GENERAL!J64,'WOORI'!C21,64,8e555436-5306-41c8-92dd-56e0fe3589b5,db04af08-d949-411d-b998-a9e040731d8d,통(Thùng),ml,25000.0,우리푸드,15980b99-3070-4236-8c5f-d46ceef64b52,기존 코드 변경,
WOORI,22,WR018,7180,Đậu đỏ nguyên hạt (3Kg) (통팥),Woori Fresh Food - 우리푸드,Thùng (통),GENERAL!J42,'WOORI'!C22,42,c2a806c3-50a6-4bdb-9b0f-60954b5e6325,7d23db21-10fc-439c-b02f-fb8a957c7e31,통(Thùng),g,3000.0,우리푸드,15980b99-3070-4236-8c5f-d46ceef64b52,기존 코드 변경,
WOORI,23,WR019,8173,Dầu hào Gấu trúc (PET) (팬더 굴소스),Woori Fresh Food - 우리푸드,Thùng (통),GENERAL!J60,'WOORI'!C23,60,e1515839-f0fa-4f8b-b5b7-f221ea133709,77b9a919-6dae-4c22-ae38-0d89874d31d0,통(Thùng),g,2500.0,우리푸드,15980b99-3070-4236-8c5f-d46ceef64b52,기존 코드 변경,
WOORI,24,WR020,7514,Đậu hũ chiên (đông) (냉동 튀긴두부/유부),Woori Fresh Food - 우리푸드,Bịch (봉),GENERAL!J51,'WOORI'!C24,51,c2e22abe-9d51-4b72-bf95-6504843d93af,d08013d2-3f6d-4640-9331-35877b05ad0f,봉(Bịch),g,500.0,우리푸드,15980b99-3070-4236-8c5f-d46ceef64b52,기존 코드 변경,
WOORI,25,WR021,1022,Đậu hũ HQ (hộp/500g) (한국 두부),Woori Fresh Food - 우리푸드,개(Cái),GENERAL!J17,'WOORI'!C25,17,8aecc78f-5104-43bb-8ba7-f7e6ed7fa198,81163898-21c2-4da8-9166-7cd4432c54fd,개(Cái),g,500.0,우리푸드,15980b99-3070-4236-8c5f-d46ceef64b52,기존 코드 변경,
WOORI,26,WR022,9418,Dầu mè Nongwoo 3L ([농우]참기름),Woori Fresh Food - 우리푸드,병(Bình),GENERAL!J85,'WOORI'!C26,85,b7a6d859-aacf-42a5-a049-16616440892b,16146f01-896a-4641-9c5e-89a8a5f822f5,병(Bình),ml,3000.0,우리푸드,15980b99-3070-4236-8c5f-d46ceef64b52,기존 코드 변경,
WOORI,27,WR023,1068,Dưa leo (Thái) (오이),Woori Fresh Food - 우리푸드,Kg,GENERAL!J22,'WOORI'!C27,22,5c812ddd-e9f7-4192-a13d-65bc10fb02af,744c1979-5523-44b0-be72-18af6978d589,KG,g,1000.0,우리푸드,15980b99-3070-4236-8c5f-d46ceef64b52,기존 코드 변경,
WOORI,28,WR024,8049,Đường Biên Hòa (설탕),Woori Fresh Food - 우리푸드,Bịch (봉),GENERAL!J56,'WOORI'!C28,56,e5656b02-386d-417b-aed5-c683900ada25,b92fd262-87d2-46e6-8aa5-0460add436bc,봉(Bịch),g,1000.0,우리푸드,15980b99-3070-4236-8c5f-d46ceef64b52,기존 코드 변경,
WOORI,29,WR025,9622,GẠO (쌀),Woori Fresh Food - 우리푸드,Bịch (봉),GENERAL!J89,'WOORI'!C29,89,1dc35170-6f4c-4e1c-96af-e6b7c01859a9,7032f835-20b7-4f32-8eb9-6a70be44fea0,봉(Bịch),g,20000.0,우리푸드,15980b99-3070-4236-8c5f-d46ceef64b52,기존 코드 변경,
WOORI,30,WR026,8035,Giấm Hwanman (1.8L) (환만 식초),Woori Fresh Food - 우리푸드,병(Chai),GENERAL!J55,'WOORI'!C30,55,db181b1b-9cfc-4620-913d-463f33fc4c4f,e694b839-bd64-4f1b-aa23-42a1e0e50fba,병(Chai),ml,1800.0,우리푸드,15980b99-3070-4236-8c5f-d46ceef64b52,기존 코드 변경,
WOORI,31,WR027,9565,Giấy bếp Pulppy (주방용 키친타월),Woori Fresh Food - 우리푸드,팩(Gói),GENERAL!J87,'WOORI'!C31,87,0aaf28c7-c547-461f-b3e9-eeaccbdb407e,ae89c221-b62a-496e-ada7-b154d178b202,팩(Gói),ea,1.0,우리푸드,15980b99-3070-4236-8c5f-d46ceef64b52,기존 코드 변경,
WOORI,32,WR028,7531,Ham cơm cuộn (김밥용 햄),Woori Fresh Food - 우리푸드,개(Cái),GENERAL!J52,'WOORI'!C32,52,7bd457a6-df05-47bf-bc1f-998f499f9ced,0bfbd67c-680b-4341-b6b8-4071aa42386b,개(Cái),g,1000.0,우리푸드,15980b99-3070-4236-8c5f-d46ceef64b52,기존 코드 변경,
WOORI,33,WR029,1021,Hành ba rô (대파/리크),Woori Fresh Food - 우리푸드,Kg,GENERAL!J16,'WOORI'!C33,16,2de4877b-c841-4e8b-819b-d28ffd767997,c073e85d-33d1-4ae8-855e-2a67adc8827a,KG,g,1000.0,우리푸드,15980b99-3070-4236-8c5f-d46ceef64b52,기존 코드 변경,
WOORI,34,WR030,1077,Hành lá (쪽파),Woori Fresh Food - 우리푸드,Kg,GENERAL!J23,'WOORI'!C34,23,6d1b30fd-9745-460f-a2ba-aec8a4deba05,eb6f9495-12a2-4418-b360-38a564efdeee,KG,g,1000.0,우리푸드,15980b99-3070-4236-8c5f-d46ceef64b52,기존 코드 변경,
WOORI,35,WR031,1944,Hành tây lột vỏ (깐 양파),Woori Fresh Food - 우리푸드,Kg,GENERAL!J30,'WOORI'!C35,30,68ea8db4-3c8a-476f-8b25-275f2d8cac83,a96da5c3-d308-4fc4-99c7-b8fbb2199390,KG,g,1000.0,우리푸드,15980b99-3070-4236-8c5f-d46ceef64b52,기존 코드 변경,
WOORI,36,WR032,8224,Khoai tây chiên (cắt thường) (감자튀김),Woori Fresh Food - 우리푸드,Kg,GENERAL!J62,'WOORI'!C36,62,3aec6b20-d8e6-4931-b6f9-f14430501782,0a251395-5c90-4d6c-9c5e-35808f0cb2b5,KG,g,1000.0,우리푸드,15980b99-3070-4236-8c5f-d46ceef64b52,기존 코드 변경,
WOORI,37,WR033,4540,Kim chi cải thảo TQ (배추김치),Woori Fresh Food - 우리푸드,BOX,GENERAL!J36,'WOORI'!C37,36,5fdd7a4b-f543-4278-9063-bd3be7162f76,89e96d7c-8ee3-446d-b6ba-372ad10f1adb,BOX,g,10000.0,우리푸드,15980b99-3070-4236-8c5f-d46ceef64b52,기존 코드 변경,
WOORI,38,WR034,8234,Lá Kim Làm Gimbap (김밥용 김),Woori Fresh Food - 우리푸드,Bịch (봉),GENERAL!J63,'WOORI'!C38,63,5e8bb61d-dd16-4b7b-af60-41e5033e79f8,79ec6973-40ef-4224-84c9-dd9af9773a53,봉(Bịch),ea,100.0,우리푸드,15980b99-3070-4236-8c5f-d46ceef64b52,기존 코드 변경,
WOORI,39,WR035,7365,Maiyonnaise (마요네즈),Woori Fresh Food - 우리푸드,Bịch (봉),GENERAL!J47,'WOORI'!C39,47,cc2b6aa1-6037-47f6-9bd2-312853c7c387,306878ab-59d0-4676-b0be-b0cbdd07701e,봉(Bịch),g,3000.0,우리푸드,15980b99-3070-4236-8c5f-d46ceef64b52,기존 코드 변경,
WOORI,40,WR036,7176,Mandu nhân thịt (고기만두),Woori Fresh Food - 우리푸드,Bịch (봉),GENERAL!J41,'WOORI'!C40,41,96a41fdd-2a24-4c6c-b37f-a6b6fc2e5cfc,bc033875-6148-405c-9921-8b14e5cd1386,봉(Bịch),ea,30.0,우리푸드,15980b99-3070-4236-8c5f-d46ceef64b52,기존 코드 변경,
WOORI,41,WR037,8141,Màng bọc thực phẩm (식품용 랩),Woori Fresh Food - 우리푸드,개(Cái),GENERAL!J59,'WOORI'!C41,59,fd04d744-c4a0-4a7a-b004-8a140fe1cfdd,7884e30c-6d4f-496a-8278-369ef819fc2f,개(Cái),ea,1.0,우리푸드,15980b99-3070-4236-8c5f-d46ceef64b52,기존 코드 변경,
WOORI,42,WR038,1373,Mè rang (볶은 참깨),Woori Fresh Food - 우리푸드,Kg,GENERAL!J27,'WOORI'!C42,27,61e7f1af-877c-4303-8718-98a0ad9d7cdb,50b74ee3-6499-49c5-a406-af9629540a3b,KG,g,1000.0,우리푸드,15980b99-3070-4236-8c5f-d46ceef64b52,기존 코드 변경,
WOORI,43,WR039,8483,Mì lạnh ([미식가]냉면(2Kg)),Woori Fresh Food - 우리푸드,Bịch (봉),GENERAL!J68,'WOORI'!C43,68,f71d84a0-fa70-4ed2-8e51-3febc117aa5a,927c51f1-b5c1-4c37-82e5-a0c9910a2e99,봉(Bịch),g,2000.0,우리푸드,15980b99-3070-4236-8c5f-d46ceef64b52,기존 코드 변경,
WOORI,44,WR040,9668,Miến khoai lang ngon (900g) (고구마 당면),Woori Fresh Food - 우리푸드,Bịch (봉),GENERAL!J90,'WOORI'!C44,90,0deda905-1ecb-420d-aa65-943d825a3993,9f4829fd-3440-493b-9736-510cfff1bc2f,봉(Bịch),g,900.0,우리푸드,15980b99-3070-4236-8c5f-d46ceef64b52,기존 코드 변경,
WOORI,45,WR041,3107,Mực nguyên con làm sạch (450g팩) (손질 통오징어),Woori Fresh Food - 우리푸드,팩(Gói),GENERAL!J33,'WOORI'!C45,33,fbf2ed81-5c39-4f2c-bc2c-1b4677a2e526,6dd37034-e304-45be-861f-e8afb52475d9,팩(Gói),g,450.0,우리푸드,15980b99-3070-4236-8c5f-d46ceef64b52,기존 코드 변경,
WOORI,46,WR042,8613,Muối hột Hàn quốc (한국 굵은소금),Woori Fresh Food - 우리푸드,Bịch (봉),GENERAL!J69,'WOORI'!C46,69,2bdfd9f6-b0fd-439d-b69a-a92f4bdcb341,4e265fe1-6ab2-4ecf-bece-251a3719dd39,봉(Bịch),g,1000.0,우리푸드,15980b99-3070-4236-8c5f-d46ceef64b52,기존 코드 변경,
WOORI,47,WR043,9242,Muối Matsogeum (맛소금),Woori Fresh Food - 우리푸드,Bịch (봉),GENERAL!J82,'WOORI'!C47,82,33c5ab18-d0c5-41fc-a44a-2d7decbd0914,3e310393-022e-4299-a18f-ac8e387d465c,봉(Bịch),g,1000.0,우리푸드,15980b99-3070-4236-8c5f-d46ceef64b52,기존 코드 변경,
WOORI,48,WR044,7004,muối mịn (고운 소금),Woori Fresh Food - 우리푸드,Bịch (봉),GENERAL!J37,'WOORI'!C48,37,3621e83b-fce7-4aad-bbb2-d5649c852ba7,5051a670-a264-4c7e-b9aa-eff2f27f0df2,봉(Bịch),g,1000.0,우리푸드,15980b99-3070-4236-8c5f-d46ceef64b52,기존 코드 변경,
WOORI,49,WR045,7319,My không gia vị (사리면),Woori Fresh Food - 우리푸드,BOX,GENERAL!J45,'WOORI'!C49,45,1d9282a4-6757-43d1-91c7-c109bc6233a3,357abe94-98f5-4486-8b19-596b30054b6e,BOX,ea,48.0,우리푸드 / 오뚜기,15980b99-3070-4236-8c5f-d46ceef64b52 / e21a8fbf-71ff-4e84-9887-7b09d5ee9c5c,기존 코드 변경,복수 공급처; 원본 WR 코드 유지
WOORI,50,WR046,7535,Mỳ Udong Tươi (생우동면),Woori Fresh Food - 우리푸드,BOX,GENERAL!J54,'WOORI'!C50,54,7d638683-ad2b-4615-8623-b6469bb602fc,4884fe59-4184-44bf-bfaf-ba70d106eff6,BOX,ea,40.0,우리푸드,15980b99-3070-4236-8c5f-d46ceef64b52,기존 코드 변경,
WOORI,51,WR047,1092,Nấm kim châm (팽이버섯),Woori Fresh Food - 우리푸드,팩(Gói),GENERAL!J25,'WOORI'!C51,25,4e2f26cb-1271-4e16-8d49-021f043010cc,792c3a80-0641-4188-9b51-01fbaad6168b,팩(Gói),g,150.0,우리푸드,15980b99-3070-4236-8c5f-d46ceef64b52,기존 코드 변경,
WOORI,52,WR048,3517,Nghêu nhỏ (작은 바지락),Woori Fresh Food - 우리푸드,Kg,GENERAL!J34,'WOORI'!C52,34,f4134797-24c9-4899-ac50-3e7c9d2dbe5b,f5dedbbe-32dc-4e8f-a410-eccbf00a8107,KG,g,1000.0,우리푸드,15980b99-3070-4236-8c5f-d46ceef64b52,기존 코드 변경,
WOORI,53,WR049,8984,Ngưu bàng (우엉),Woori Fresh Food - 우리푸드,Bịch (봉),GENERAL!J72,'WOORI'!C53,72,fe6fbd47-a144-4d5a-99e5-83fcee2fc61c,1f406cd2-02e6-4b03-917f-157e8af806e6,봉(Bịch),g,800.0,우리푸드,15980b99-3070-4236-8c5f-d46ceef64b52,기존 코드 변경,
WOORI,54,WR050,8281,Nước cốt cá cơm (멸치액젓),Woori Fresh Food - 우리푸드,병(Bình),GENERAL!J65,'WOORI'!C54,65,0df7bd66-6c80-4e2a-9a5e-f280bc625206,ebcd5672-01c6-4c7e-812b-e423841a7626,병(Bình),g,1.0,우리푸드,15980b99-3070-4236-8c5f-d46ceef64b52,기존 코드 변경,포장 환산 확인 필요
WOORI,55,WR051,9033,Nước dùng mỳ lạnh (냉면육수),Woori Fresh Food - 우리푸드,Bịch (봉),GENERAL!J76,'WOORI'!C55,76,5f5930d6-e2d4-4057-828c-b5d7fe8b87bf,8133bb75-e88b-4a46-9bb8-1e8921e5d3cf,봉(Bịch),ea,1.0,우리푸드,15980b99-3070-4236-8c5f-d46ceef64b52,기존 코드 변경,
WOORI,56,WR052,9095,Nước đường (물엿),Woori Fresh Food - 우리푸드,Thùng (통),GENERAL!J78,'WOORI'!C56,78,def02298-af9c-46f9-93da-fb0be8e82066,1d53c491-65d7-4c4f-b829-a2327a519d43,통(Thùng),g,5000.0,우리푸드,15980b99-3070-4236-8c5f-d46ceef64b52,기존 코드 변경,
WOORI,57,WR053,9144,Nước mắm cá ngừ (참치 액젓),Woori Fresh Food - 우리푸드,병(Bình),GENERAL!J80,'WOORI'!C57,80,1796b2df-df1a-4508-b2c6-813e679017c2,8dc0d6fb-e106-4cb3-be65-a7ac1589f344,병(Bình),g,900.0,우리푸드,15980b99-3070-4236-8c5f-d46ceef64b52,기존 코드 변경,
WOORI,58,WR054,9608,Nước Rửa Chén (주방세제),Woori Fresh Food - 우리푸드,Thùng (통),GENERAL!J88,'WOORI'!C58,88,6725c0e1-fd18-42a1-b198-f6d113deb731,65c089af-1c31-44a0-b2ca-3379aa2714f9,통(Thùng),g,1.0,우리푸드,15980b99-3070-4236-8c5f-d46ceef64b52,기존 코드 변경,포장 환산 확인 필요
WOORI,59,WR055,1859,Ớt bột cay (고춧가루 매운맛),Woori Fresh Food - 우리푸드,Bịch (봉),GENERAL!J29,'WOORI'!C59,29,392e46a4-9493-4cae-a82f-13572c909800,db2f4e5e-c3e2-4d02-b100-99b0469f906c,봉(Bịch),g,1000.0,우리푸드,15980b99-3070-4236-8c5f-d46ceef64b52,기존 코드 변경,
WOORI,60,WR056,1851,Ớt bột mịn (고춧가루 고운것),Woori Fresh Food - 우리푸드,Bịch (봉),GENERAL!J28,'WOORI'!C60,28,9b610551-42c3-4fde-9488-714025946dbb,0340af00-d331-4fcf-b13a-fb56dfe16e3b,봉(Bịch),g,1000.0,우리푸드,15980b99-3070-4236-8c5f-d46ceef64b52,기존 코드 변경,
WOORI,61,WR057,1096,Ớt sừng đỏ (홍고추),Woori Fresh Food - 우리푸드,Kg,GENERAL!J26,'WOORI'!C61,26,b12d9341-0324-4515-9c2f-9d4fa99a2f37,691d1264-02fd-423f-8945-e77f151982fa,KG,g,1000.0,우리푸드,15980b99-3070-4236-8c5f-d46ceef64b52,기존 코드 변경,
WOORI,62,WR058,1081,Ớt sừng xanh (청고추/풋고추),Woori Fresh Food - 우리푸드,Kg,GENERAL!J24,'WOORI'!C62,24,4e94faeb-63ba-462d-af97-4ee7db2aa9d6,ff5d33b4-7798-4503-a1b5-da66aa875a22,KG,g,1000.0,우리푸드,15980b99-3070-4236-8c5f-d46ceef64b52,기존 코드 변경,
WOORI,63,WR059,9446,Phô mai bào Mozzarella (모짜렐라 치즈),Woori Fresh Food - 우리푸드,Bịch (봉),GENERAL!J86,'WOORI'!C63,86,b0559893-8eaa-4499-a074-0067d3a441fc,acf6e293-c280-4060-8ca7-eee7c843eb47,봉(Bịch),g,150.0,우리푸드,15980b99-3070-4236-8c5f-d46ceef64b52,기존 코드 변경,
WOORI,64,WR060,1053,Rau bó xôi (시금치),Woori Fresh Food - 우리푸드,Kg,GENERAL!J19,'WOORI'!C64,19,2976f2ec-dc53-4f05-8717-b6bf462c8010,6f6877a1-4f0c-4a44-8199-3b26996e1ce4,KG,g,1000.0,우리푸드,15980b99-3070-4236-8c5f-d46ceef64b52,기존 코드 변경,
WOORI,65,WR061,7218,Rong biển khô (마른 미역),Woori Fresh Food - 우리푸드,Bịch (봉),GENERAL!J43,'WOORI'!C65,43,04a263b0-aab8-41fe-8dc5-ad0800200787,eb436b38-c4f6-498a-9f9b-5acdf3bd01cd,봉(Bịch),g,1000.0,우리푸드,15980b99-3070-4236-8c5f-d46ceef64b52,기존 코드 변경,
WOORI,66,WR062,7147,Rượu nấu ăn (요리술/미림),Woori Fresh Food - 우리푸드,병(Bình),GENERAL!J40,'WOORI'!C66,40,4fb43db1-8e28-4466-97fd-e39007507108,8d000afb-4974-4f66-8e5b-6e6df153bf5e,병(Bình),g,1800.0,우리푸드,15980b99-3070-4236-8c5f-d46ceef64b52,기존 코드 변경,
WOORI,67,WR063,7121,sốt mì udon (우동 소스),Woori Fresh Food - 우리푸드,병(Bình),GENERAL!J38,'WOORI'!C67,38,37ccea5a-0d22-4802-b6a7-d1e95a28a6d5,1d16c6a0-1fc2-4ed1-954c-0ef98aca66b5,병(Bình),g,2000.0,우리푸드,15980b99-3070-4236-8c5f-d46ceef64b52,기존 코드 변경,
WOORI,68,WR064,7122,Sốt tartar (타르타르 소스),Woori Fresh Food - 우리푸드,병(Bình),GENERAL!J39,'WOORI'!C68,39,818ff8d6-301c-480c-8907-b40c053fce57,d072bf53-441d-468f-95f2-ba3b961d8163,병(Bình),g,1800.0,우리푸드,15980b99-3070-4236-8c5f-d46ceef64b52,기존 코드 변경,
WOORI,69,WR065,7386,Sốt Teriyaki 2.25Kg ([오뚜기]데리야끼소스),Woori Fresh Food - 우리푸드,병(Chai),GENERAL!J49,'WOORI'!C69,49,16a4c9e5-ef0f-4669-a6c7-1cd7890a1bf5,2fcb7675-5115-40ba-b573-9aff64861f46,병(Chai),g,2250.0,우리푸드,15980b99-3070-4236-8c5f-d46ceef64b52,기존 코드 변경,
WOORI,70,WR066,8200,Sữa Tươi không đường (무가당 우유),Woori Fresh Food - 우리푸드,개(Cái),GENERAL!J61,'WOORI'!C70,61,1fab2940-0345-40b2-a6b3-63e6196582fb,7c3d748e-c646-4a84-b749-a0f65aa99b3c,개(Cái),g,1000.0,우리푸드,15980b99-3070-4236-8c5f-d46ceef64b52,기존 코드 변경,
WOORI,71,WR067,1056,Tần ô (쑥갓),Woori Fresh Food - 우리푸드,Kg,GENERAL!J20,'WOORI'!C71,20,76fc09b4-166c-466f-856a-b7074d1375c2,96dd5ab7-74de-43d5-a2a7-fc105eada56c,KG,g,1000.0,우리푸드,15980b99-3070-4236-8c5f-d46ceef64b52,기존 코드 변경,
WOORI,72,WR068,7533,Thanh cua (게맛살/크래미),Woori Fresh Food - 우리푸드,팩(Gói),GENERAL!J53,'WOORI'!C72,53,5c37a9a2-63e8-4a7e-96d3-4d9c37520a73,7c6fd848-e59f-4e26-9c53-038f4841057f,팩(Gói),ea,34.0,우리푸드,15980b99-3070-4236-8c5f-d46ceef64b52,기존 코드 변경,
WOORI,73,WR069,1018,Tỏi xay (다진 마늘),Woori Fresh Food - 우리푸드,Kg,GENERAL!J14,'WOORI'!C73,14,906aa7ea-6935-4e0c-86df-77b4a05a31d8,a122976a-ca4e-4913-bc58-6f256975f6d4,KG,g,1000.0,우리푸드,15980b99-3070-4236-8c5f-d46ceef64b52,기존 코드 변경,
WOORI,74,WR070,3100,Tôm (새우),Woori Fresh Food - 우리푸드,Kg,GENERAL!J32,'WOORI'!C74,32,cbf44146-af1d-4772-aa1e-f6c6e393ecc1,076dbb43-8653-4154-8e9f-d0d306322e43,KG,g,1000.0,우리푸드,15980b99-3070-4236-8c5f-d46ceef64b52,기존 코드 변경,
WOORI,75,WR071,9006,Trứng gà (계란),Woori Fresh Food - 우리푸드,판(Vỉ),GENERAL!J73,'WOORI'!C75,73,1809c7da-a948-43ef-8596-544b1f808715,ba28da09-6048-45c3-9756-11aaf0bb1b5a,판(Vỉ),g,1500.0,우리푸드,15980b99-3070-4236-8c5f-d46ceef64b52,기존 코드 변경,
WOORI,76,WR072,7362,Tương cà (토마토 케첩),Woori Fresh Food - 우리푸드,Bịch (봉),GENERAL!J46,'WOORI'!C76,46,e3f96fcc-1174-4b3f-91c1-8b56acdbb076,93f0bb16-8970-4e71-9d33-ae4eee80e51f,봉(Bịch),g,3000.0,우리푸드,15980b99-3070-4236-8c5f-d46ceef64b52,기존 코드 변경,
WOORI,77,WR073,9090,Tương Mongo [몽고]진간장(마산)(13L),Woori Fresh Food - 우리푸드,Thùng (통),GENERAL!J77,'WOORI'!C77,77,f0da40c1-2c10-4a3e-b9f8-139978d81e0a,5dcd6b98-c826-4932-8860-bd0d1f2465d3,통(Thùng),ml,15000.0,우리푸드,15980b99-3070-4236-8c5f-d46ceef64b52,기존 코드 변경,포장 환산 확인 필요
WOORI,78,WR074,8100,Tương ớt (고추장),Woori Fresh Food - 우리푸드,Thùng (통),GENERAL!J58,'WOORI'!C78,58,c99e92f9-909f-4e44-aae7-b98568473125,0b6fd928-f395-4a56-bc20-9af760a5e735,통(Thùng),g,5000.0,우리푸드,15980b99-3070-4236-8c5f-d46ceef64b52,기존 코드 변경,
WOORI,79,WR075,9406,Tương ớt Cholimex (2.1L) (칠리소스),Woori Fresh Food - 우리푸드,병(Bình),GENERAL!J84,'WOORI'!C79,84,596a3c0d-8620-4925-911f-5cfe6744dbc9,d5678535-bb6d-4896-bcf9-970ba6469793,병(Bình),g,2100.0,우리푸드,15980b99-3070-4236-8c5f-d46ceef64b52,기존 코드 변경,
WOORI,80,WR076,9153,Tương trộn SSAMJANG (쌈장),Woori Fresh Food - 우리푸드,Thùng (통),GENERAL!J81,'WOORI'!C80,81,ca9e7ce0-a209-482b-842a-8c743758e425,889a340e-704e-40fd-b13c-478cfe9cac18,통(Thùng),g,14000.0,우리푸드,15980b99-3070-4236-8c5f-d46ceef64b52,기존 코드 변경,
WOORI,81,WR077,1048,Xà lách (nhà kính) (상추),Woori Fresh Food - 우리푸드,Kg,GENERAL!J18,'WOORI'!C81,18,24fda656-2e9b-48f8-99d2-ce277d6443c4,3e2830f0-8d7e-4113-8d2d-61671e9b01fd,KG,g,1000.0,우리푸드,15980b99-3070-4236-8c5f-d46ceef64b52,기존 코드 변경,
OTOKI,5,OT001,10001,Bột chiên giòn 500g (튀김가루),오뚜기 Otoki,Box,GENERAL!J100,'OTOKI'!C5,100,b4417c59-7377-4dba-910f-d2549717edaf,3526db59-4036-4ce6-97e4-d9a7b1476ed9,박스(Thùng),g,10000.0,오뚜기,e21a8fbf-71ff-4e84-9887-7b09d5ee9c5c,기존 코드 변경,
OTOKI,6,OT002,10005,Bột Phô Mai Otoki 100g (오뚜기 치즈 분말),오뚜기 Otoki,Box,GENERAL!J104,'OTOKI'!C6,104,c1fdb601-1e46-4304-80b6-f2132e6a60ba,be0defc4-4d09-444f-b21e-38c2e1cf6c39,박스(Thùng),g,4000.0,오뚜기,e21a8fbf-71ff-4e84-9887-7b09d5ee9c5c,기존 코드 변경,
OTOKI,7,OT003,10009,Bột Súp Mì Jin Han 300g (진한 분말스프),오뚜기 Otoki,Box,GENERAL!J108,'OTOKI'!C7,108,2a670aa2-d411-4703-9b59-83c45b5827cd,8a95ff79-f0e2-47ce-a21c-737f7f919060,박스(Thùng),g,7500.0,오뚜기,e21a8fbf-71ff-4e84-9887-7b09d5ee9c5c,기존 코드 변경,
OTOKI,8,OT004,10006,O'Chef Xốt gà rán kiểu Hàn vị Cay 2Kg (오쉐프 한국식 매운맛),오뚜기 Otoki,Box,GENERAL!J105,'OTOKI'!C8,105,6da2126f-fa08-4156-9dcc-ac5d5ad05095,ba6abcda-655f-42c2-9560-5650a4a97de0,박스(Thùng),g,2000.0,오뚜기,e21a8fbf-71ff-4e84-9887-7b09d5ee9c5c,기존 코드 변경,
OTOKI,9,OT005,10007,O'Chef Xốt gà rán kiểu Hàn vị Truyền thống 2Kg (오쉐프 한국식 오리지날),오뚜기 Otoki,Box,GENERAL!J106,'OTOKI'!C9,106,35a78516-fae6-42b3-814a-ba559d9abcd6,c0eefc1a-25bb-4e21-bf8c-1c4c94bcee61,박스(Thùng),g,2000.0,오뚜기,e21a8fbf-71ff-4e84-9887-7b09d5ee9c5c,기존 코드 변경,
OTOKI,10,OT006,10008,O'Chef Xốt hương vị gà cay 2Kg (오쉐프 불닭맛소스),오뚜기 Otoki,Box,GENERAL!J107,'OTOKI'!C10,107,21ba1b85-8a43-4c0f-88fc-92a3dcb4ff3b,40fe26dc-d57d-491e-9605-f4581ebbb949,박스(Thùng),g,2000.0,오뚜기,e21a8fbf-71ff-4e84-9887-7b09d5ee9c5c,기존 코드 변경,
OTOKI,11,OT007,10010,Sốt Cốc Lết Chiên Bột PET 2.1Kg (돈까스 소스),오뚜기 Otoki,Box,GENERAL!J109,'OTOKI'!C11,109,bb82167c-c23c-46fc-a675-b4cd2357ef7e,42cea39f-048b-4df1-94de-47e0209311c9,박스(Thùng),g,12600.0,오뚜기,e21a8fbf-71ff-4e84-9887-7b09d5ee9c5c,기존 코드 변경,
OTOKI,12,OT008,10002,Xốt gà nước trong 1Kg (간장치킨 소스),오뚜기 Otoki,Box,GENERAL!J101,'OTOKI'!C12,101,3b9ea6f3-d902-4b9a-b289-61c1f46af8ca,7a3c826f-b1c1-47e5-83ee-9365b1b6277b,박스(Thùng),g,1000.0,오뚜기,e21a8fbf-71ff-4e84-9887-7b09d5ee9c5c,기존 코드 변경,
OTOKI,13,OT009,10004,Xốt Gia Vị Hành Tây 1Kg (어니언드레싱 파우치),오뚜기 Otoki,Box,GENERAL!J103,'OTOKI'!C13,103,072befa6-985b-49d8-82ac-e7ef4b392c34,3335e906-cf14-49fe-a433-62d1bab07133,박스(Thùng),g,1000.0,오뚜기,e21a8fbf-71ff-4e84-9887-7b09d5ee9c5c,기존 코드 변경,
OTOKI,14,OT010,10003,Xốt Phô Mai 1Kg (치즈드레싱 파우치),오뚜기 Otoki,Box,GENERAL!J102,'OTOKI'!C14,102,a61b66d2-8e80-4b71-8cb6-2c80676c7d8d,fef9cb32-357c-4a29-8ab1-7e07d7daea10,박스(Thùng),g,1000.0,오뚜기,e21a8fbf-71ff-4e84-9887-7b09d5ee9c5c,기존 코드 변경,
YK,5,YK001,40005,Bột gia vị Tokbokki 1Kg (떡볶이파우더),YK,Bịch (봉),GENERAL!J91,'YK'!C5,91,fdccf444-5207-4013-a8d4-3bea3d1a2da5,3c6c2f27-f021-4eed-ab74-2fe301976ed5,봉(Bịch),g,1000.0,YK,09a34f07-1866-4672-b59d-d8efa980f9b3,기존 코드 변경,
YK,6,YK002,40002,Kim mari tự làm 1Kg (수제김말이),YK,Bịch (봉),GENERAL!J92,'YK'!C6,92,59b9eeee-a365-40af-b261-e169993ff77a,b6641d5c-8bec-4a83-8ae1-ad3dbac5d04e,봉(Bịch),ea,30.0,YK,09a34f07-1866-4672-b59d-d8efa980f9b3,기존 코드 변경,
YK,7,YK003,40003,Nước dùng mì lạnh 1Kg (냉면육수),YK,Bịch (봉),GENERAL!J93,'YK'!C7,93,c2dfd1bc-94d6-42d0-9cc5-60af37887f69,3e308e04-d168-432d-9457-9a7c1a3b8eb8,봉(Bịch),g,1000.0,YK,09a34f07-1866-4672-b59d-d8efa980f9b3,기존 코드 변경,
YK,8,YK004,40001,Sốt kim chi 1Kg (김치소스),YK,Bịch (봉),GENERAL!J94,'YK'!C8,94,f6fdb928-2fb0-4e00-935d-eca0d7d9d1d8,5db04142-5750-4f05-875f-3e9bf1e91647,봉(Bịch),g,1000.0,YK,09a34f07-1866-4672-b59d-d8efa980f9b3,기존 코드 변경,
YK,9,YK005,40004,Sốt mì lạnh trộn 1Kg (비빔냉면소스),YK,Bịch (봉),GENERAL!J110,'YK'!C9,110,bb4597c7-5366-4cb9-8713-05d29861929f,41aaf84c-5543-4fab-8fd7-2d043008ec2e,봉(Bịch),g,1000.0,YK,09a34f07-1866-4672-b59d-d8efa980f9b3,기존 코드 변경,
YK,10,YK006,40006,Sốt tương ớt trộn cơm 1Kg (비빔고추장),YK,Bịch (봉),GENERAL!J111,'YK'!C10,111,a5be85b7-81da-4152-9b30-34517ac7fc4e,146e814c-415f-460b-b036-2a8ffbc7e7aa,봉(Bịch),g,1000.0,YK,09a34f07-1866-4672-b59d-d8efa980f9b3,기존 코드 변경,
SHOPEE,5,SP001,30002,Hotdog phô mai xúc xích kiểu Hàn Quốc 500g/6 cái (한국식 치즈 핫도그),Shopee,Bịch (봉),GENERAL!J11,'SHOPEE'!C5,11,3bf0cd70-1403-4241-aee3-00a640569ea6,f9c48940-eb28-4ee9-9223-bebb466f67e1,봉(Bịch),ea,6.0,쇼피,59a5d255-496f-48ee-88f6-529cefac0e50,기존 코드 변경,
SHOPEE,6,SP002,30004,Kem nấu tiệt trùng Cooking Emborg (20% FAT) (요리용 생크림),Shopee,팩(Gói),GENERAL!J13,'SHOPEE'!C6,13,8e364ce6-0631-4ee5-a6b8-dd3005369c97,be2e6c10-199f-4425-9a2e-00401c00c5f4,팩(Gói),ml,1000.0,쇼피,59a5d255-496f-48ee-88f6-529cefac0e50,기존 코드 변경,
SHOPEE,7,SP003,30003,Lá kinh giới nghiền 500g (들깻잎 분말),Shopee,Bịch (봉),GENERAL!J12,'SHOPEE'!C7,12,4aed28be-254b-43ed-b378-f6a42cdc097f,fb4c3864-c056-4486-b54c-8499500451e5,봉(Bịch),g,500.0,쇼피,59a5d255-496f-48ee-88f6-529cefac0e50,기존 코드 변경,
SHOPEE,8,SP004,30001,Xúc xích Standard Con Heo Vàng 500g (스탠다드 소시지),Shopee,Bịch (봉),GENERAL!J10,'SHOPEE'!C8,10,a21160ca-8d93-4f7c-a7e1-10e58d866942,d351567f-2a65-4141-8b4f-f628b8231d39,봉(Bịch),g,500.0,쇼피,59a5d255-496f-48ee-88f6-529cefac0e50,기존 코드 변경,
PHUC LOC KOREA,5,PL001,10012,Xốt ướp Bulgogi bò 10Kg (소고기 불고기 양념),Phúc Lộc Korea,Box,GENERAL!J9,'PHUC LOC KOREA'!C5,9,bd2c2130-8518-4cfb-866d-e40f3642a571,87dd6039-abfc-4d8c-b209-4b0e0191feae,박스(Thùng),g,10000.0,PHÚC LỘC KOREA,b0119ce0-d01c-4114-836d-c4fd9947cbda,기존 코드 변경,
PHUC LOC KOREA,6,PL002,10011,Xốt ướp Bulgogi cay 10Kg (매운 불고기 양념),Phúc Lộc Korea,Box,GENERAL!J8,'PHUC LOC KOREA'!C6,8,7431b993-1257-4215-8a4c-144aba6dd4b8,5ff5401e-0925-4393-8952-495543d38eac,박스(Thùng),g,10000.0,PHÚC LỘC KOREA,b0119ce0-d01c-4114-836d-c4fd9947cbda,기존 코드 변경,
MEAT BOX,5,MB001,20002,KNUCKLE - Thịt bò nướng (500g) (소고기 설도 구이용),미트박스 Meatbox,개(Cái),GENERAL!J96,'MEAT BOX'!C5,96,fa75b211-b768-4f93-9060-432332d28be8,df81b375-e230-4821-bf96-4e7810e4740b,개(Cái),g,500.0,미트박스,216b4224-c861-4f8e-a74c-205e3e80d115,기존 코드 변경,
MEAT BOX,6,MB002,20001,MÁ ĐÙI GÀ RÚT XƯƠNG (500g) (닭다리살 정육),미트박스 Meatbox,개(Cái),GENERAL!J97,'MEAT BOX'!C6,97,a2c6cc05-b491-4154-bba6-3d5591d3187f,a7bd1113-d70e-4ed1-a8cf-a57675669f39,개(Cái),g,500.0,미트박스,216b4224-c861-4f8e-a74c-205e3e80d115,기존 코드 변경,
MEAT BOX,7,MB003,20003,NẠC VAI (500g) (돼지 앞다리살),미트박스 Meatbox,개(Cái),GENERAL!J98,'MEAT BOX'!C7,98,6f705c53-6bca-4efc-8099-71d0dd36e110,a08622b3-1da1-47d5-b04b-d351c2c61225,개(Cái),g,500.0,미트박스,216b4224-c861-4f8e-a74c-205e3e80d115,기존 코드 변경,
MEAT BOX,8,MB004,20004,WANG DONKKASEU (miếng) (왕돈까스),미트박스 Meatbox,장(Miếng),GENERAL!J99,'MEAT BOX'!C8,99,fb7813f8-d511-4fe6-973e-040c3f300da0,2a40f2f8-4183-4129-baa3-2929cdd8aec3,장(Miếng),ea,1.0,미트박스,216b4224-c861-4f8e-a74c-205e3e80d115,기존 코드 변경,
NAKYUNG TTEOKJIP,5,NK001,50001,Bánh gạo Tokbokki (떡볶이밀떡),나경떡집 - NaKyung TteokJip,Kg,GENERAL!J95,'NAKYUNG TTEOKJIP'!C5,95,d9422063-357d-41c2-8b8f-bff4c1e4ab1f,76182a51-a00f-46f6-aff6-1d995f298c7a,kg,g,10000.0,나경떡집,45787e16-bd43-434d-a7d6-18cf36780b50,기존 코드 변경,포장 환산 확인 필요
DRINKS,5,DR001,,Nước suối Dasani (500ml),Đại lý Trinh Dũng,Chai,GENERAL!J2,'DRINKS'!C5,2,,,,,,,,신규 등록,신규 마스터 등록 후 UUID 연결
DRINKS,6,DR002,,Coca (330ml),Đại lý Trinh Dũng,Lon,GENERAL!J3,'DRINKS'!C6,3,,,,,,,,신규 등록,신규 마스터 등록 후 UUID 연결
DRINKS,7,DR003,,Coca Zero (330ml),Đại lý Trinh Dũng,Lon,GENERAL!J4,'DRINKS'!C7,4,,,,,,,,신규 등록,신규 마스터 등록 후 UUID 연결
DRINKS,8,DR004,,Sprite (330ml),Đại lý Trinh Dũng,Lon,GENERAL!J5,'DRINKS'!C8,5,,,,,,,,신규 등록,신규 마스터 등록 후 UUID 연결
DRINKS,9,DR005,,Fanta (330ml),Đại lý Trinh Dũng,Lon,GENERAL!J6,'DRINKS'!C9,6,,,,,,,,신규 등록,신규 마스터 등록 후 UUID 연결
DRINKS,10,DR006,,Sting (330ml),Đại lý Trinh Dũng,Lon,GENERAL!J7,'DRINKS'!C10,7,,,,,,,,신규 등록,신규 마스터 등록 후 UUID 연결
PACKAGING,5,GO001,,Bao xốp loại nhỏ,PACKAGING,Kg,PACKAGING (시트명); B1=GO,'PACKAGING'!C5,,,,,,,,,신규 등록,신규 마스터 등록 후 UUID 연결; 공급업체 표기는 원본 시트 식별명
PACKAGING,6,GO002,,Bao xốp loại lớn,PACKAGING,Kg,PACKAGING (시트명); B1=GO,'PACKAGING'!C6,,,,,,,,,신규 등록,신규 마스터 등록 후 UUID 연결; 공급업체 표기는 원본 시트 식별명
PACKAGING,7,GO003,,Đũa muỗng,PACKAGING,Bộ,PACKAGING (시트명); B1=GO,'PACKAGING'!C7,,,,,,,,,신규 등록,신규 마스터 등록 후 UUID 연결; 공급업체 표기는 원본 시트 식별명
PACKAGING,8,GO004,,Hộp chữ nhật (750ml),PACKAGING,Cái,PACKAGING (시트명); B1=GO,'PACKAGING'!C8,,,,,,,,,신규 등록,신규 마스터 등록 후 UUID 연결; 공급업체 표기는 원본 시트 식별명
PACKAGING,9,GO005,,Hộp đựng sốt,PACKAGING,Cái,PACKAGING (시트명); B1=GO,'PACKAGING'!C9,,,,,,,,,신규 등록,신규 마스터 등록 후 UUID 연결; 공급업체 표기는 원본 시트 식별명
PACKAGING,10,GO006,,Hộp tròn (500ml),PACKAGING,Cái,PACKAGING (시트명); B1=GO,'PACKAGING'!C10,,,,,,,,,신규 등록,신규 마스터 등록 후 UUID 연결; 공급업체 표기는 원본 시트 식별명
PACKAGING,11,GO007,,Khăn lạnh có logo,PACKAGING,Cái,PACKAGING (시트명); B1=GO,'PACKAGING'!C11,,,,,,,,,신규 등록,신규 마스터 등록 후 UUID 연결; 공급업체 표기는 원본 시트 식별명
PACKAGING,12,GO008,,Khăn lạnh không logo,PACKAGING,Cái,PACKAGING (시트명); B1=GO,'PACKAGING'!C12,,,,,,,,,신규 등록,신규 마스터 등록 후 UUID 연결; 공급업체 표기는 원본 시트 식별명
PACKAGING,13,GO009,,Nắp hộp chữ nhật (750ml),PACKAGING,Cái,PACKAGING (시트명); B1=GO,'PACKAGING'!C13,,,,,,,,,신규 등록,신규 마스터 등록 후 UUID 연결; 공급업체 표기는 원본 시트 식별명
PACKAGING,14,GO010,,Nắp hộp tròn (500ml),PACKAGING,Cái,PACKAGING (시트명); B1=GO,'PACKAGING'!C14,,,,,,,,,신규 등록,신규 마스터 등록 후 UUID 연결; 공급업체 표기는 원본 시트 식별명
PACKAGING,15,GO011,,Ống hút,PACKAGING,Cái,PACKAGING (시트명); B1=GO,'PACKAGING'!C15,,,,,,,,,신규 등록,신규 마스터 등록 후 UUID 연결; 공급업체 표기는 원본 시트 식별명
PACKAGING,16,GO012,,Tăm,PACKAGING,Cái,PACKAGING (시트명); B1=GO,'PACKAGING'!C16,,,,,,,,,신규 등록,신규 마스터 등록 후 UUID 연결; 공급업체 표기는 원본 시트 식별명
PACKAGING,17,GO013,,"Túi giấy (đựng xúc xích,…)",PACKAGING,Cái,PACKAGING (시트명); B1=GO,'PACKAGING'!C17,,,,,,,,,신규 등록,신규 마스터 등록 후 UUID 연결; 공급업체 표기는 원본 시트 식별명
