case_id,role,scenario,acceptance,store_id,operator,executed_at,actual_document_or_journal,observed_result,status,issue_and_resolution
U01,요청자,정상 원재료 PR,"예상 단가/VAT·환산·현재고·희망일 확인, 작성일 고정",,,,,,NOT_RUN,
U02,SM,Adjust·반려·재제출,조정 전후와 사유·revision 보존,,,,,,NOT_RUN,
U03,승인자,요청자 자기 승인,"Adjust/승인 거부, 진행 단계 유지",,,,,,NOT_RUN,
U04,관리자/BM,개인 계정 모드의 POS/Office 동일인 승인,실제 HR 매핑된 개인 계정은 중복 승인 거부. 공용 ID에는 개인 동일인 식별 보장 없음,,,,,,NOT_RUN,
U05,구매팀,선정 가격/VAT 변경,브랜드·구매 재승인 후만 발행,,,,,,NOT_RUN,
U06,구매팀,업체별 분할 PO,승인 수량 초과·중복 할당 거부,,,,,,NOT_RUN,
U07,구매팀,KO/EN/VI 업체용 PO,"가격/VAT/합계/은행 제외, 200라인·주소·비고·날짜 확인",,,,,,NOT_RUN,
U08,구매팀,발송·업체 확인,"현재 PDF revision 필요, 실제 발송 참조·업체 회신 기록",,,,,,NOT_RUN,
U09,주방/검증자,6+4 부분입고,남은 회차 수량 비교·합격량 stock 한 번 반영,,,,,,NOT_RUN,
U10,주방/검증자,불량/반품·교환,실제 반품 및 후속 확정 입고 연결 전 종결 거부,,,,,,NOT_RUN,
U11,구매/Finance,credit 차감,원 Invoice 조정 관계·실제 게시 전표·매장 검증,,,,,,NOT_RUN,
U12,Finance,정상 Invoice/AP/부분 지급,라인·VAT·순입고·미지급 잔액과 실제 원장 일치,,,,,,NOT_RUN,
U13,Finance,원본 누락·오래됨·변경,재고/지급 확정 대신 보류·갱신/재대조,,,,,,NOT_RUN,
U14,Finance,같은 총액 다른 라인·중복 청구,allocation 초과·차이 거부,,,,,,NOT_RUN,
U15,Finance,비재고 비용,"실제 비용계정 인식, stock 미생성",,,,,,NOT_RUN,
U16,Finance/자산,고정자산·CCDC,"등록/원가/clearing/책임자 일치, Invoice 후 native 자본화, 이중 인식 없음",,,,,,NOT_RUN,
U17,Finance/자산,미매핑·다른 매장 자산·이미 자본화,"대조/게시 거부, 원장 변화 없음",,,,,,NOT_RUN,
U18,구매팀,Shopee 회사 선결제,"플랫폼 주문·실제 출금 증빙, 선급/AP 이중 지급 거부",,,,,,NOT_RUN,
U19,Finance,Invoice 전 선결제/취소 환불,"실제 현금 증빙 연결, 가짜 AP/비용/재고 없음",,,,,,NOT_RUN,
U20,Finance,선급 충당,"AP 차변·같은 선급 대변·원 출금 증명, native 지급+충당 잔액 일치",,,,,,NOT_RUN,
U21,구매/Finance,직원 대납/보전,"실제 HR 직원·원 선결제·같은 직원 채무/보전, 공급업체 AP 재지급 없음",,,,,,NOT_RUN,
U22,구매/Finance,다른 직원·초과·증빙 재사용,명의/금액/자금·전표 사용 한도 거부,,,,,,NOT_RUN,
U23,Finance,충당/원 자금 역분개,"실제 AP 잔액 재계산·보류 통제, 원장 대조",,,,,,NOT_RUN,
U24,관리자,공용 역할 ID·유효기간·대리자 없음,직원 연결 없이 활성/매장/역할 확인; 자기 승인·타 단계 같은 ID 거부; 신규 역할 ID와 기존 bt_order/account 보존,,,,,,NOT_RUN,
U25,전 역할,타 매장 접근,읽기/쓰기/문서/Finance 모두 거부,,,,,,NOT_RUN,
U26,전 역할,통신 실패/결과 불명확 재시도,"같은 요청/증빙은 한 번, 금액 변경 재시도 거부",,,,,,NOT_RUN,
U27,관리자,이력/검색/대량/다중 매장,"bounded payload/calls, 실제 네트워크 포함 p50/p95·조회 범위 기록",,,,,,NOT_RUN,
U28,구매팀,보충 제안·업체 평가,"중복/낡은 원본 거부, 사람이 승인한 뒤 PR, 자동 발주 없음",,,,,,NOT_RUN,
U29,관리자,legacy 진행 건,"기존 policy/hash/승인/문서 유지, 새 PO 우회 거부",,,,,,NOT_RUN,
U30,Finance/매장,실제 마감·2주 시범 종료,"재고/AP/선급/직원/현금 일치, 미해결 차이·중복 없음",,,,,,NOT_RUN,
U31,Super Admin,신규 POS 역할 계정 발급,bt_pr1/bt_verify1 활성화·빈탄점만 접근; 기존 account/bt_order 불변; 법인 grant 추가 없음,,,,,,NOT_RUN,
U32,Office master/구매팀,매장 범위 구매 계정 발급,purchase_store의 다섯 구매 권한만; 타 매장·Finance/admin 거부; 초기 비밀번호 변경 완료,,,,,,NOT_RUN,
U33,Super Admin/Office master,SAMPLE 신규 공용 ID 발급·범위,sp_pr1/sp_verify1/sp_purchase1 활성화·샘플만 접근; 기존 sp_order/bunsik_sm2/bunsik_bm1/account 유지; 별도 비세무 Office 연결·구매 다섯 권한; 빈탄점/Finance/admin 접근 거부,,,,,,NOT_RUN,
U34,SAMPLE 전 역할,샘플 전 과정 실습,요청→SM→BM→구매→무가격 PO→6+4 수령→독립 검증; 교육 표시된 증빙·계정 감사; 자기 승인/재시도/타 매장 거부; 실제 업체 발송·실제 은행 출금 없음,,,,,,NOT_RUN,
